,kfold,SHAP base value
0,0,22.83692155714516
1,1,19.865553446887464
2,2,23.125028278618128
3,3,26.45027183237662
4,4,24.88440485378077
