,kfold,SHAP base value
0,0,269.9980138019144
1,1,259.74758687085784
2,2,265.52472255092607
3,3,276.3366554131209
4,4,272.1535045498029
