,kfold,SHAP base value
0,0,79.73468237647175
1,1,79.09069787761622
2,2,75.2970712591198
3,3,86.20002441252403
4,4,79.64005135696402
