,kfold,SHAP base value
0,0,22.798725916555924
1,1,23.227744432859986
2,2,22.5116159261384
3,3,20.63712077058446
4,4,24.6464159608615
