,kfold,SHAP base value
0,0,278.97830809854275
1,1,274.1314635344431
2,2,271.17601289658285
3,3,271.9032611644019
4,4,268.5333516678392
