,kfold,SHAP base value
0,0,72.11532714761444
1,1,56.42974472649861
2,2,58.504633563266836
3,3,82.09749926953228
4,4,67.06138573040953
